group,motif,sequence,length
28S,28S_dsim,TCATCATTAAAATTGTAATATTTAAATAATATTATTAAGAATAATGTGCATTTTTTCCATATAAGGACATTGTAATCTATTAGCATATCCCAAATTTATCATAAAATATAACTTATAGTTTATTCCAATTAAATTGCTTGCATTTTAACA,150
18S,18S_dsim,AATTCCGATAACGAACGAGACTCAAATATATTAAATAGATATCTTCAGGATTATGGTGCTGAAGCTTATGTAGCCTTCATTCATGGTGGCAGTAAAATGTTTATTGTGTTTGAATGTGTTTATGTAAGTGGAGCCGTACCTGTTGGTTTG,150
28S,28S_dmel,TCATCATTAAAATTGTAATATTTAAATAATATTATGAGAATAGTGTGCATTTTTTCCATATAAGGACATTGTAATCTATTAGCATATACCAAATTTATCATAAAATATAACTTATAGTTTATTCCAATTAAATTGCTTGCATTTTAACA,149
18S,18S_dmel,AATTCCGATAACGAACGAGACTCAAATATATTAAATAGATATCTTCAGGATTATGGTGCTGAAGCTTATGTAGCCTTCATTCATGTTGGCAGTAAAATGCTTATTGTGTTTGAATGTGTTTATGTAAGTGGAGCCGTACCTGTTGGTTTG,150
OG0009777,FBgn0031044,ATGGCATCATCAGAGACGGGACAATTGGACTCCCTTGTCGGCTGGCAAAGAACGGCAATCGCCCACCTAAACAAAAAGCAATGGAGGCTTGGATTGATTGATCAGTGCTTATCAGTGCTGGCCAACATTGATGTCCTACATATATACATA,150
OG0009777,LOC27207129,ATGGCATCATTGGAGGCGGGACAATTGGACTCCCTTGTCGGCTGGCATAGATCGGCAATCGCCCACCTAAACAGAAGTCAATGGAGGCTTGGATTGATTGATCGGTGCTCATCAGTACTGGCCTACATA,129
OG0005877,FBgn0000257,CGAGCTGCTGCAGCAGCTGGACCGCATTGAGGGTTCCAAGGTTATTGTGCTGGACGAGACCATGATCGGACCGCTGGACTTGGTTACCCGGCCAAAGTTATTCGCTGATCGAGGCATCCGTCTGCTGGCCCTCAAGCCGGAGCTTCATTT,150
OG0005877,LOC6726456,CGAGCTGGTGCAGCAGCTGGAGCGCATTGAAGGTTCCAAGGTAATTGTGCTGGACGAGACCATGATCGGACCGCTGGACTTGGTTACCCGGCCAAAGTTATTCGCTGATCGAGGCATCCGTCTGCTGGCCCTCAAGCCGGAGCTTCACCT,150
OG0009779,FBgn0031050,CGCCACTCTCAACCAGCTGCCGCTTGATCTCCGCGTGGATGGCGCTGCCTCCGTAGCTCTGATCCTTGAAGGCGGCCATGATTTGCACCCCGCTGAAGACGGGCATAACGCTGGTCTCGCTGTAGCCAACGTCCACCACAAGGGCAGTGG,150
OG0009779,LOC6740241,CGCCACTCTCCACCAGCTGCCGCTTGATCTCCGCGTGGATGGCGCTGCCTCCGTAGCTTTGATCCTTGAAGGCGCCCATGATCTGCACCCCGCTGAAGACGGGCATAACGCTGGTCTCGCTGTACCCGACGTCCACCACCAGGGCAGTCG,150
OG0003790,FBgn0086384,GCGTTAGATGCAATTGGATTGGAGTGGGAACTGAGTGCTCTTGTGGGCAATTCGTGATAACCTGTTGCGTGCAAAGGACTTGTTGCTCCTGCTAATCTGATTCTTGGTCCTTCTGGTGCTCCTGTGCCATCTAGTGGCACG,141
OG0003790,LOC27208128,GCGTGAGATGCAATTTGATTGGAGTCGGAACTGAGTGCTCTTGTGGGCAATTCGTGATAACCTGTTGCGTGCAGAGGACTTGTTGCGGCCCTTGCTCCTGCTACTCTGATTCTTGGTCCTTCTGGTGCTCCTGTGCCAGCTAGTGGCCCG,150
OG0009785,FBgn0031092,TCGTTTTGTCCGCCTCCGGAAAGCACTTCACCGCCGGCATCGACCTCAACGACATGATAAACGTGGGCCAAACGCTGGCCGAGACCGATGACTACGCCCGCAAGGGCGTCTCCATGGAGCGAATGATCAAGGTGTACCAGGACTCAATCA,150
OG0009785,LOC27208782,TCGTTCTGTCTGCCGCTGGAAAGCACTTCACCGCCGGCATTGACCTCAACGACATGATGAACCTGGGCCAAACGCTGGCCGAGACCGATGACTACGCCCGCAAGGGCGTCATCATGGAGCGCATGATCAAGGTGTACCAGGACTCGATCA,150
OG0001794,FBgn0023177,AATCATCTAGGGAATAGAAATAGAAACTGCCAGCCTGCAAAAGCGAAGCGAACGCGAATAGCAACTGATGGTGTAAAACAAAAAATATGTAACATAAACGTAAGCTAGGGTAGAGCTGCCGGACACAGGTCCACGTTCAGTTAGACTT,148
OG0001794,LOC6726523,AATCATCTAGGGAATAGAAATAGGAACTGCCAGCGTTCAAAAGTGAAGCGAACGCGAATAGCAACTTATGGTGTAAAACAAAAAAGATGTAACATAAACGTAAGCTAGGAGCTAGAGCTGCCCGGCACCGGTCCACGTTCAGTTGCAATT,150
OG0017097,FBgn0010380,TCATCAAGGACATCTTCCGCAAGTACCCCAACAAGTACGAGAGCATTATCAGCACGCTGTGCGAGAATCTGGACACTCTGGACGAGCCGGAGGCACGCGCATCAATGGTTTGGATCATTGGCGAGTACGCAGAGCGCATTGACAACGCGG,150
OG0017097,LOC27207490,TCATCAAGGACATCTTCCGCAAGTACCCCAACAAGTACGAGAGCATTATTAGCACGCTGTGCGAGAACCTGGACACTCTGGACGAGCCGGAGGCGCGAGCATCGATGGTTTGGATCATTGGCGAGTACGCAGAGCGCATTGACAACGCTG,150
